project_id,cost_risk,cost_probability,predicted_cost_overrun
612786,LOW,0.01,1.209110516045843
701107,HIGH,0.82,22.385611263897093
701121,LOW,0.03,0.20051680529900878
706724,HIGH,0.91,54.38558913878086
612183,LOW,0.02,0.0
612194,LOW,0.08,0.0
701101,LOW,0.23,4.402850266852903
619054,LOW,0.06,0.3768114942528736
701126,HIGH,0.73,14.84582873343901
611047,LOW,0.0,-0.4443433703907608
612787,LOW,0.03,-0.6609256038096324
612788,LOW,0.07,1.3923096946086715
612789,LOW,0.08,0.29704203849297595
400010,HIGH,0.87,25.843522297441673
706718,LOW,0.01,-0.3251403797147175
611570,LOW,0.07,2.6697879437135814
618977,LOW,0.0,0.0
701127,LOW,0.02,0.23532623559048788
701128,LOW,0.03,0.47751391365639556
612793,LOW,0.03,4.192424688835931
611602,LOW,0.03,0.0
701113,LOW,0.01,0.515592390954305
701122,LOW,0.02,0.10464349968073083
611495,LOW,0.04,0.9447882414545918
612791,LOW,0.02,0.46640073747460903
615820,LOW,0.04,6.5666332292441565
615821,LOW,0.02,0.11968352238555832
400144,LOW,0.0,0.0
400149,LOW,0.01,0.9393733799349466
400354,LOW,0.16,4.532992279032811
400424,LOW,0.17,3.225614927671569
613798,LOW,0.01,0.0
613799,LOW,0.0,-0.29393484414861276
613800,LOW,0.01,-0.022207797777666585
613801,LOW,0.01,0.0
615191,LOW,0.0,0.0
616234,LOW,0.0,0.0
617287,LOW,0.0,0.0
617288,LOW,0.0,0.015615988642917395
619171,LOW,0.0,0.7604676705776076
619172,LOW,0.0,0.0
400018,LOW,0.01,0.2247016289115401
400073,LOW,0.02,0.18836565096952906
400074,LOW,0.0,0.0
400136,LOW,0.0,-0.15385268881148587
400138,LOW,0.16,2.7061214647589065
400139,LOW,0.14,4.243452476314068
400142,LOW,0.16,0.22945553570895197
400150,LOW,0.01,0.0
400151,MEDIUM,0.61,33.4467214207123
400153,LOW,0.01,0.128959639813475
400154,LOW,0.0,-0.7692634440574294
400155,LOW,0.0,0.0
400156,LOW,0.01,0.0
400160,LOW,0.26,8.705557465753198
400172,LOW,0.02,-0.00019919609915770514
400352,LOW,0.01,-1.6923795769263448
400425,LOW,0.15,-0.6690326836728134
611864,LOW,0.0,0.0
613808,LOW,0.11,0.5299830072355441
615349,LOW,0.0,-1.076968821680401
615822,LOW,0.03,0.009080182629661836
615843,LOW,0.02,-0.5786823218006836
616225,LOW,0.02,-0.6967815791810785
616236,LOW,0.01,0.17488789237668162
616253,LOW,0.0,-1.6923795769263448
617416,LOW,0.01,0.0
617764,LOW,0.03,0.0
400148,LOW,0.03,0.3824278704511129
400162,LOW,0.18,-0.12230867676084828
400321,LOW,0.24,0.23428900361640145
613802,LOW,0.03,0.07345686689051954
613803,LOW,0.0,0.03672843344525977
613804,LOW,0.01,0.03672843344525977
615185,LOW,0.0,0.03672843344525977
615187,LOW,0.01,0.33055590100733795
615194,LOW,0.07,1.3636755212178415
615195,LOW,0.0,0.3672843344525977
615206,LOW,0.01,-0.12475018638365931
619032,LOW,0.01,-0.000273972602739726
619053,LOW,0.01,0.0
400033,LOW,0.0,0.0
400177,LOW,0.07,0.03374302661633101
400178,LOW,0.13,16.987899594327665
400353,LOW,0.0,0.18836565096952906
615184,LOW,0.02,0.5776125095347068
615186,LOW,0.0,1.9081279282949686
615188,LOW,0.0,0.0
615189,LOW,0.0,0.0
615190,LOW,0.0,0.0
615192,LOW,0.0,0.0
615199,LOW,0.0,0.0
615330,LOW,0.0,0.0
615331,LOW,0.0,0.0
615914,LOW,0.01,0.0
615916,LOW,0.0,0.0
615917,LOW,0.0,1.5737743268477518
615918,LOW,0.0,0.0
615919,LOW,0.01,2.423108924178036
615982,LOW,0.0,-0.22460315165324862
616044,LOW,0.01,-0.12146144550433241
616050,LOW,0.0,-0.6460215508837481
616223,LOW,0.02,0.9841773971902391
616229,LOW,0.0,0.0
617233,LOW,0.01,0.0
617278,LOW,0.0,0.8133066562701441
619055,LOW,0.01,0.0
400369,LOW,0.23,5.8699609654321
615183,LOW,0.09,0.3123652920331102
400165,LOW,0.28,6.653905100561808
400166,LOW,0.11,-0.015322582437017687
400183,LOW,0.13,0.6466353033659575
400185,LOW,0.02,-17.279096598342033
400187,LOW,0.23,2.6408282910041057
400392,LOW,0.07,-3.9390716978136946
615857,MEDIUM,0.55,26.799671869599514
616226,LOW,0.0,-0.2742713745768573
616231,LOW,0.0,-1.6456282474611437
616232,LOW,0.0,-0.822814123730572
616233,LOW,0.03,-2.194170996614858
618982,LOW,0.02,0.06050193323109323
615818,LOW,0.03,-0.15728743024685513
615858,LOW,0.08,0.7661563655498642
615860,LOW,0.15,0.6842252243496684
615861,LOW,0.39,3.7081853223670147
615862,LOW,0.03,-0.0001999999999999805
615863,LOW,0.19,2.249243736118849
615865,LOW,0.02,-0.2729376780188291
400173,LOW,0.02,0.0
400180,LOW,0.0,0.0
400181,LOW,0.0,-0.11260888379554418
400186,LOW,0.0,-0.0010132659628421488
400312,LOW,0.06,0.2548639559984067
400315,LOW,0.01,0.0
612816,LOW,0.01,0.0644798199067375
613793,LOW,0.01,-0.11215866706455437
613794,LOW,0.02,-0.023106457612854837
616230,LOW,0.01,-0.0003528489443214347
617299,LOW,0.06,2.119973237727101
617730,LOW,0.04,-1.2977422871828805
618991,LOW,0.01,0.0
618992,LOW,0.03,0.18081914030819143
400231,LOW,0.0,0.0
618981,LOW,0.0,0.0
400203,MEDIUM,0.63,26.822632243541438
400416,HIGH,0.87,42.85648537643966
400192,LOW,0.02,0.0
603293,HIGH,0.73,38.36976234312914
602182,LOW,0.01,-0.001095890410958904
611698,LOW,0.01,0.0
611699,LOW,0.0,0.0
611716,LOW,0.0,0.0
619311,LOW,0.01,0.0
602579,HIGH,0.86,41.292778355806384
619051,LOW,0.04,0.11126851255634256
611930,MEDIUM,0.63,2.573273633137276
617188,LOW,0.15,0.600242710083641
709747,LOW,0.2,21.162265866247857
602582,HIGH,0.97,137.19579919584774
602593,HIGH,0.97,109.68307816596307
611586,HIGH,0.72,48.62081915236238
602525,HIGH,0.91,49.824692132593235
602532,MEDIUM,0.58,11.39751282194711
602535,LOW,0.0,0.0
605155,LOW,0.01,0.0
400261,HIGH,0.93,15.439364442827754
611509,LOW,0.0,-0.15385268881148587
618976,LOW,0.04,0.4147951891564034
602096,HIGH,0.91,425.85572214759304
602961,HIGH,0.73,4.061998930449764
619056,LOW,0.13,0.7251325088729448
602181,LOW,0.15,0.037352703039221336
605156,HIGH,0.95,96.57553635456632
619341,LOW,0.04,0.39965575862192
298178,LOW,0.0,-0.000547945205479452
612142,LOW,0.15,0.6736884991006548
602185,HIGH,0.95,222.65772565344037
602195,HIGH,0.94,75.14179383935105
400062,LOW,0.02,0.0
602184,HIGH,0.92,92.41656923051927
602538,HIGH,0.96,13.056597230540717
617183,LOW,0.01,-0.8593531313702403
617375,LOW,0.0,0.0
615336,LOW,0.0,-0.000547945205479452
612139,LOW,0.1,4.236207021508699
612855,LOW,0.18,4.446312389676808
615342,LOW,0.0,6.512324574250858e-05
615343,LOW,0.0,0.0
615345,LOW,0.02,1.6824649983043773
617069,LOW,0.0,0.0
617182,LOW,0.03,3.393088656836643
617391,LOW,0.0,0.0
617405,LOW,0.0,0.0
617801,LOW,0.0,0.0
619026,LOW,0.0,0.18081914030819143
619029,LOW,0.01,0.04901574617059551
619049,LOW,0.13,2.744845555346947
617179,LOW,0.0,0.0
617326,LOW,0.11,4.403999675173165
612140,LOW,0.11,4.03634989279588
616672,LOW,0.0,0.18836565096952906
617068,LOW,0.0,0.0
617184,LOW,0.0,0.0
617803,LOW,0.0,0.0
619228,LOW,0.0,0.0
619028,LOW,0.0,1.1326397939960215
615344,LOW,0.01,-0.12974162415807736
615346,LOW,0.01,0.37553424587906725
617272,LOW,0.02,-0.23736477768848618
617279,LOW,0.01,0.11018530033577932
617802,LOW,0.0,0.03672843344525977
619024,LOW,0.03,0.07345686689051954
619027,LOW,0.01,0.0
619227,LOW,0.0,0.0
617185,LOW,0.01,4.834713804713805
617806,LOW,0.06,4.666534005609131
619030,LOW,0.0,0.0
602223,HIGH,0.78,89.00804058435729
607709,HIGH,0.77,24.56160234023649
617271,LOW,0.0,1.7518069945208419
617807,LOW,0.0,0.0
617270,LOW,0.0,0.0
612132,LOW,0.09,0.9671616372456893
611735,LOW,0.03,0.056919765166340446
615347,LOW,0.01,0.0
615339,LOW,0.0,0.0
615340,LOW,0.01,0.0
617808,LOW,0.0,0.0
612138,LOW,0.04,1.153049528800063
615333,LOW,0.01,0.3659716430358633
615334,LOW,0.0,0.02548667085880366
617186,LOW,0.0,0.0
619025,LOW,0.0,0.0
612133,LOW,0.05,5.048325127761667
616670,LOW,0.0,0.0
611949,LOW,0.07,1.1986060188012297
612134,LOW,0.04,0.3350033069440961
615332,LOW,0.03,-0.17416458666051887
615335,LOW,0.03,0.2557022641088018
615337,LOW,0.05,0.7152893502429527
615338,LOW,0.01,0.0
617181,LOW,0.0,0.0
616671,LOW,0.02,0.0
617269,LOW,0.01,0.37497479629795494
617412,LOW,0.02,0.0
707229,HIGH,0.82,24.544933830345855
400188,LOW,0.05,0.04287519427476773
701719,HIGH,0.74,28.77328120860994
701766,MEDIUM,0.65,19.93703285848026
702627,LOW,0.07,0.40432238672328397
617207,LOW,0.02,-0.0013698630136986301
619031,LOW,0.02,-0.0013698630136986301
702632,LOW,0.12,1.5451195704309537
702630,LOW,0.13,1.7282738455432685
619022,LOW,0.08,0.0
612878,LOW,0.01,0.0
702635,HIGH,0.83,19.36510823068287
702665,LOW,0.09,1.5646638122757233
702664,LOW,0.14,0.2034518414563413
702625,LOW,0.06,1.2240698753557653
702626,LOW,0.06,0.31649466804265564
617225,LOW,0.05,-0.2831438515081207
617226,LOW,0.02,0.0
617327,LOW,0.0,0.0
618971,LOW,0.01,0.0
618985,LOW,0.0,0.8133066562701441
701745,LOW,0.22,4.5828058607324484
701991,HIGH,0.75,14.420280386731715
702637,HIGH,0.91,65.24320584237275
702658,LOW,0.02,0.0
617206,LOW,0.02,0.0
245986,LOW,0.01,0.8661456419626806
612066,LOW,0.02,0.0
612068,LOW,0.0,0.0
702668,LOW,0.08,1.0732744764970144
616221,LOW,0.02,0.0
619052,LOW,0.0,0.0
702628,LOW,0.02,0.6960496033036145
702629,LOW,0.01,0.17366475192504116
702674,LOW,0.11,0.2910124916260851
702699,LOW,0.14,10.562264179901588
702734,LOW,0.09,2.836908155218501
702741,LOW,0.08,0.18821800177929096
702742,LOW,0.07,0.009080182629661836
702746,LOW,0.06,0.7894247316416859
702760,LOW,0.11,-0.18534023210175568
702793,LOW,0.2,2.7893123074619823
702808,HIGH,0.85,12.150810005861477
702810,HIGH,0.77,7.0208061504704755
702833,LOW,0.16,-0.2737963216720278
703021,MEDIUM,0.67,1.9135496847561242
703057,LOW,0.14,0.1846254311796399
702949,LOW,0.23,1.3969495160166014
702958,HIGH,0.86,18.85626121798216
617280,LOW,0.06,0.015615988642917395
400426,MEDIUM,0.63,63.440109203521196
400141,HIGH,0.97,41.72943583841643
400299,LOW,0.2,-0.16155378053559397
709831,MEDIUM,0.47,10.502070101085613
709832,LOW,0.1,5.388558420407332
613008,LOW,0.08,-0.9109316406777209
612898,LOW,0.32,3.713458013115103
606112,LOW,0.24,20.860721851353215
606013,MEDIUM,0.62,0.19493204753941026
617877,LOW,0.05,0.0
612851,HIGH,0.76,5.06469068862072
616886,LOW,0.01,-0.000547945205479452
612916,LOW,0.18,0.9448689940827982
602099,HIGH,0.73,9.554681356621902
612128,LOW,0.16,6.339866091698809
612894,HIGH,0.8,13.546306103461625
602098,HIGH,0.88,13.673375866814977
606431,HIGH,0.75,14.799418499642822
617878,LOW,0.05,2.5183066602259756
611957,LOW,0.0,0.018619465999700675
612885,LOW,0.04,-9.529497897733252
612876,LOW,0.01,0.0
613013,LOW,0.14,2.7880569941314906
610315,LOW,0.2,-15.372490345280058
611961,LOW,0.02,0.0
619033,LOW,0.02,0.0
612877,LOW,0.22,-7.039189866757424
605292,LOW,0.25,2.185514613592608
617221,LOW,0.22,0.9377146857252281
609736,MEDIUM,0.45,0.17691630480610931
612883,LOW,0.05,-4.744407723917401
609996,LOW,0.05,0.8695395782328527
606479,LOW,0.15,0.8604580281648392
611963,LOW,0.05,-0.22732709873858187
609019,LOW,0.16,-5.217859019055144
400081,LOW,0.07,-21.114365449215008
709754,LOW,0.25,12.8299715999448
709755,LOW,0.16,0.1292520623151793
617839,LOW,0.17,-8.988428390093539
604833,HIGH,0.88,32.5312797389266
619313,LOW,0.03,0.39705624275336604
617829,LOW,0.0,0.05380762809811221
709759,LOW,0.05,3.3765268818658303
400043,LOW,0.08,-0.22709432797392495
400301,HIGH,0.75,102.49007634886843
400012,LOW,0.15,3.0279759313034758
604852,LOW,0.08,4.850417203974835
701349,HIGH,0.88,20.963419351427078
400120,LOW,0.35,3.2835061522929267
619226,LOW,0.19,13.407403998738944
709752,HIGH,0.88,31.728277530358323
604791,HIGH,0.93,94.97334993291861
604863,HIGH,0.8,5.3275672097416455
616858,LOW,0.11,1.2827123532622398
617827,LOW,0.03,0.468425567156675
617836,LOW,0.21,0.7125160705018361
619316,LOW,0.03,0.781601267849451
709776,MEDIUM,0.44,7.295875171958113
709779,LOW,0.06,-2.1877533608602464
709847,LOW,0.22,4.389167410882508
709850,LOW,0.1,1.6121475721832146
709864,LOW,0.03,0.2535146998283355
709865,LOW,0.02,0.9876921587757933
617304,LOW,0.06,0.23920715433666725
701324,HIGH,0.82,10.877808793840641
709777,MEDIUM,0.64,1.9662582365528818
709792,LOW,0.02,0.08744394618834081
709793,LOW,0.01,0.08744394618834081
617819,LOW,0.05,0.0
400087,HIGH,0.89,45.70726250411355
400167,MEDIUM,0.63,3.6434782018774565
400169,HIGH,0.74,7.132643223660577
701329,MEDIUM,0.48,3.564809331496583
709778,HIGH,0.76,3.7853638508029457
709838,HIGH,0.79,13.735635155944058
709840,LOW,0.22,1.4612723779655292
709841,MEDIUM,0.5,9.552400208101616
709842,LOW,0.21,6.930668419154049
709845,MEDIUM,0.69,22.55411853330962
604853,MEDIUM,0.63,16.742711881989404
611917,HIGH,0.97,61.6142332433919
701289,HIGH,0.74,8.702829671319021
709783,HIGH,0.9,39.800205315456395
709773,LOW,0.0,0.16142288429433663
610984,LOW,0.05,2.208605911121865
709785,LOW,0.05,-0.39288282155329235
612790,LOW,0.14,-0.1290383592607382
616879,LOW,0.05,-0.1441545647600618
701338,LOW,0.4,16.712131971365267
709774,HIGH,0.77,5.542918841630259
617838,LOW,0.15,1.2242152466367713
709799,MEDIUM,0.62,5.159192825112104
617830,LOW,0.05,2.0682649632169534
709798,LOW,0.03,0.34977578475336324
400168,HIGH,0.96,24.94424643666951
616933,MEDIUM,0.6,16.474032913015584
619223,LOW,0.1,0.5463668887894293
619224,LOW,0.04,0.4330728209813403
619225,LOW,0.02,0.0
619328,LOW,0.22,3.114832214294566
709771,LOW,0.08,0.07115692286289108
709780,HIGH,0.82,21.67544879353539
709797,LOW,0.12,1.9244907285135995
616254,LOW,0.27,14.485787561444738
619196,LOW,0.02,0.10761525619622442
709786,LOW,0.0,2.0421025442335012
604859,LOW,0.15,-6.969341440968639
617818,LOW,0.02,0.0
709800,LOW,0.07,0.0890072403230297
400119,HIGH,0.92,9.33160041797419
616950,LOW,0.08,-3.4541915378952748
619314,LOW,0.03,-5.014847679322173
709839,HIGH,0.99,62.49545004965977
709848,MEDIUM,0.59,8.39765909844043
709849,HIGH,0.94,37.021560904888254
709851,LOW,0.02,-1.6074210881195463
400171,HIGH,0.79,16.533889578942702
612853,LOW,0.19,0.14239711066913605
709770,LOW,0.25,5.469839704230934
701330,LOW,0.29,5.742671323455892
709794,LOW,0.02,0.08744394618834081
604795,LOW,0.11,1.797065740419629
701228,HIGH,0.89,92.59589986952813
709750,LOW,0.02,0.15576506703330742
709796,LOW,0.08,1.8853316044161892
617822,LOW,0.08,-0.5743654017082923
701346,LOW,0.16,1.3884662567621027
709837,LOW,0.13,4.8191400337339125
619191,LOW,0.08,1.416959774356465
619312,LOW,0.03,0.4431500105271715
709781,LOW,0.07,2.559862668866047
709795,LOW,0.03,0.0
617302,HIGH,0.98,71.23748742690435
617828,LOW,0.0,-0.057182299405576835
617837,LOW,0.12,0.8264868059989365
701344,HIGH,0.95,7.4684745610929415
709753,HIGH,0.9,7.5434671026693865
709772,LOW,0.08,0.16142288429433663
709791,LOW,0.07,0.17488789237668162
701172,LOW,0.02,5.992958860759494
706965,LOW,0.01,1.0
706966,LOW,0.01,1.0
707016,LOW,0.02,3.0
707017,LOW,0.02,3.0
707018,LOW,0.02,3.0
707019,LOW,0.02,3.0
707020,MEDIUM,0.68,68.082
707044,LOW,0.05,7.652
707045,LOW,0.15,5.495788144254298
707046,LOW,0.05,7.9885538461538435
617882,LOW,0.03,5.992958860759494
617883,LOW,0.04,4.1714145031948195
701170,LOW,0.19,4.137066339451409
707049,HIGH,0.94,84.52775810988993
707050,HIGH,0.94,135.3547706786013
701173,LOW,0.29,0.38470104754889894
701167,HIGH,0.83,29.822837661533914
707051,LOW,0.07,5.197674417800256
707052,LOW,0.04,-0.3710004873430243
707021,HIGH,0.86,77.78333458520619
707022,HIGH,0.8,65.39104439857338
707057,LOW,0.05,6.238492307692309
707058,LOW,0.07,7.990948839458538
707059,LOW,0.05,6.541230769230769
706988,LOW,0.08,3.1820791671368873
706989,LOW,0.13,17.83774819826101
707067,LOW,0.04,4.0842050884670025
707069,MEDIUM,0.47,9.922830769230762
707070,MEDIUM,0.59,12.984369230769238
707039,HIGH,0.71,165.53427264954226
701168,MEDIUM,0.6,35.033316898766245
701171,HIGH,0.92,29.887964412879548
707086,LOW,0.34,3.71300619270623
707087,HIGH,0.84,122.72358641290026
612167,LOW,0.06,0.14840771719966883
612186,LOW,0.0,0.0
612211,LOW,0.39,7.508603704088097
612745,LOW,0.06,0.03632073051864734
612748,LOW,0.03,5.5234868357140785
612213,MEDIUM,0.63,0.5448109577797096
616691,LOW,0.1,0.40373295156066447
612513,LOW,0.01,0.03632073051864734
612259,HIGH,0.84,270.83339018053357
701565,MEDIUM,0.65,6.24471370259388
609424,LOW,0.17,0.705646836627548
701570,HIGH,0.77,19.34640159844526
617804,LOW,0.18,1.5541200125401458
701574,MEDIUM,0.43,8.262801926918165
707215,MEDIUM,0.65,50.37785530377143
707410,LOW,0.06,0.018380430176551315
617727,LOW,0.02,0.0
617729,LOW,0.03,-0.17010448741899326
701658,LOW,0.07,-0.33979784296581905
707420,LOW,0.0,1.5529900273272526
701657,LOW,0.02,0.0
701668,LOW,0.02,1.6465409838163956
701662,LOW,0.09,0.15307692307692308
603210,LOW,0.01,0.3802338352888038
601812,LOW,0.0,0.0
707419,LOW,0.0,0.0
701661,LOW,0.0,0.0
615202,MEDIUM,0.66,2.5822657655903454
505491,LOW,0.0,0.015615988642917395
617243,LOW,0.03,-0.666245799841435
617255,LOW,0.1,0.47208607080564113
617256,LOW,0.11,1.126298679355796
706811,HIGH,0.96,71.59958012802164
709826,HIGH,0.8,9.106437840887565
944288,LOW,0.04,0.0
400174,HIGH,0.91,63.57070067747365
617249,LOW,0.08,-0.18774126212285075
617250,LOW,0.0,0.009080182629661836
617254,LOW,0.02,0.0
617257,LOW,0.08,-0.1469606957281597
400121,LOW,0.23,2.0647915574495324
478482,LOW,0.01,0.0
589703,LOW,0.03,0.03136966696321516
635651,LOW,0.03,0.08154757567454655
738679,LOW,0.02,0.0
834015,LOW,0.02,0.0
364934,LOW,0.02,0.19343945972021248
425828,LOW,0.0,0.0
612781,LOW,0.03,0.15488446579730034
617242,LOW,0.18,0.5862443308327717
617246,LOW,0.02,0.01496190824347889
617248,LOW,0.03,0.9998804284027176
617251,LOW,0.02,0.0
617338,LOW,0.01,0.0
400298,HIGH,0.88,135.00513978435728
611752,LOW,0.04,-0.2635004599384293
611754,LOW,0.03,-0.0176613885505481
611927,LOW,0.16,-0.1184980798486497
612827,LOW,0.11,-0.02649208282582215
616697,LOW,0.1,-0.06082232828414298
617216,LOW,0.08,-0.17010448741899326
705253,HIGH,0.71,106.28716917202232
616701,LOW,0.01,-0.036458333333333336
705572,HIGH,0.71,6.8977016914062
400254,HIGH,0.86,5.316428726205434
617231,LOW,0.08,0.7489222279016439
617239,LOW,0.12,0.09147170837867247
705366,HIGH,1.0,82.64289658459391
705368,HIGH,0.95,77.09145441647078
705373,HIGH,0.91,126.49804009363176
705450,HIGH,0.83,14.285439617387379
705526,HIGH,0.97,82.72310734427136
705527,HIGH,1.0,39.084992824724175
705528,HIGH,0.92,8.098569085363472
706759,HIGH,0.72,11.239769966593737
706860,LOW,0.35,0.8704389753172856
900874,LOW,0.02,0.0
400220,HIGH,0.88,18.91103304768308
400291,HIGH,0.85,9.653866428634137
602792,LOW,0.16,6.002877988964424
612815,LOW,0.0,0.0
705433,LOW,0.3,4.038885741766891
705444,HIGH,0.89,29.525160660684374
706854,LOW,0.13,0.01841068901076088
709818,LOW,0.0,-0.002857900318133669
709819,LOW,0.01,0.0
705583,MEDIUM,0.46,17.204342862239507
706865,LOW,0.0,-22.126623499951357
611918,MEDIUM,0.41,0.00021867083455387058
611943,LOW,0.05,-0.00023719188564368956
611945,HIGH,0.71,0.09861775133633756
611970,LOW,0.05,-0.0001348767542574719
611971,LOW,0.2,-0.196977184485975
611974,LOW,0.08,0.481274873028689
612072,LOW,0.11,0.5420456917455851
616983,LOW,0.01,0.0
705458,HIGH,0.88,115.0282295032897
706763,HIGH,0.97,15.68595123751595
709812,LOW,0.39,0.00021867083455387058
709813,HIGH,0.9,20.860257234596745
611884,LOW,0.12,-2.1704250944717614
617372,LOW,0.24,0.0001311953352768486
617832,LOW,0.04,-1.0769688216804012
705765,MEDIUM,0.7,3.702451507257174
705785,LOW,0.06,0.3031832709816093
706837,LOW,0.02,0.7977430303733576
400023,LOW,0.0,-1.3349708976332173e-05
705490,HIGH,0.72,21.927333111161126
705492,HIGH,0.86,25.201076350141047
705493,LOW,0.01,-65.43245616580367
705495,MEDIUM,0.7,13.703329024723253
705496,LOW,0.1,-12.925454792345194
705663,HIGH,0.88,39.33280947821514
705761,LOW,0.03,-47.27528890635621
705941,LOW,0.03,0.0
705638,MEDIUM,0.67,29.33405235878188
705639,MEDIUM,0.47,25.64503567386458
705419,HIGH,0.92,27.960853229097765
705659,HIGH,0.92,35.63095695220474
705661,HIGH,0.95,80.39845347615524
705933,HIGH,0.96,59.01601743210345
611751,LOW,0.08,0.6014672172842591
612845,LOW,0.16,-27.979871722874112
613015,LOW,0.15,0.0
617215,LOW,0.03,-0.3402089748379865
617364,LOW,0.06,-27.979871722874112
705356,HIGH,0.93,123.48581537486758
705357,HIGH,0.78,541.6402782460816
705479,LOW,0.18,0.9949452064538896
705497,HIGH,0.88,46.987103224982576
705498,HIGH,0.86,104.1589503902426
705500,HIGH,0.98,73.95465403318065
705502,HIGH,0.96,85.7012079244106
705504,HIGH,0.9,77.08518163156596
705505,HIGH,0.99,84.3569734192061
705506,HIGH,0.95,79.1989232290285
705735,HIGH,0.91,79.53512759081444
705391,HIGH,0.88,50.6325612968846
705491,MEDIUM,0.65,39.24961096554194
705494,HIGH,0.83,56.22827638057334
705512,HIGH,0.88,16.7725463756036
400275,LOW,0.2,156.92167001978635
617210,LOW,0.02,0.0
705610,HIGH,0.92,146.24063815732512
616857,LOW,0.17,0.0
617214,LOW,0.05,0.0
705632,HIGH,0.94,25.893296700732797
705401,HIGH,0.92,191.4837039291957
705394,HIGH,0.93,17.367106448828494
705392,HIGH,0.91,97.43460494471009
705375,HIGH,0.96,77.71242442802195
705385,HIGH,0.8,16.73355882438217
616699,LOW,0.01,0.0
611669,LOW,0.03,-0.007599577167019007
617224,LOW,0.02,0.0
617333,LOW,0.01,4.37317784256162e-05
705562,HIGH,0.96,6.743765160954053
617245,HIGH,0.97,81.65044279879233
705617,LOW,0.27,0.060442181485563025
709815,LOW,0.0,-0.005715800636267338
709816,LOW,0.0,-0.005715800636267338
709817,LOW,0.04,0.009900188006650056
705511,HIGH,0.91,8.850923474081313
705616,HIGH,0.94,43.534724788937794
705728,LOW,0.06,0.8409425361975231
705793,HIGH,0.92,45.07957045673061
705237,HIGH,0.92,167.93054751706018
705453,HIGH,0.93,1303.4682973366307
705454,HIGH,0.92,877.5973957001211
400022,HIGH,0.8,9.717776664134147
616842,LOW,0.08,2.0022301644031435
705424,HIGH,0.84,19.819111708948025
705410,HIGH,0.98,97.4863262577665
705628,HIGH,0.86,0.13798396641938587
616588,LOW,0.0,0.0
616227,LOW,0.05,0.0
705668,HIGH,0.92,13.112819195060094
703586,HIGH,0.96,112.01038599240442
705635,HIGH,0.99,168.17092014209055
705457,HIGH,0.98,548.0654555990714
705507,HIGH,0.94,17.518060388133037
705481,HIGH,0.98,70.60963511996152
705764,HIGH,0.93,82.38512574723987
705667,LOW,0.27,1.640721280511247
705480,LOW,0.06,1.6034266093713883
705598,LOW,0.16,1.8186493821033696
705608,LOW,0.04,0.031195778777576483
616586,LOW,0.0,0.0
705629,HIGH,0.96,49.06170497233325
400223,HIGH,0.93,126.7593904852832
705432,HIGH,0.94,62.94001664316216
602797,LOW,0.13,0.27576813155642815
400006,LOW,0.17,14.438019412231045
400045,LOW,0.05,0.0
400047,LOW,0.02,0.0
400048,LOW,0.04,0.0
400232,LOW,0.02,-0.5515039779167948
612834,LOW,0.07,0.8592499587670214
615915,LOW,0.04,0.10595697052605417
616694,LOW,0.0,-0.015502407464865864
616695,LOW,0.0,-0.06127653095230118
616839,LOW,0.07,-0.10081498327990009
705358,HIGH,0.97,59.49576874865819
705359,HIGH,0.94,119.27730004051847
705510,HIGH,0.97,24.876415957542978
705513,HIGH,0.87,7.918488585895434
705514,LOW,0.27,-1.8459723316729475
705515,HIGH,0.98,139.85730281526267
705741,LOW,0.03,-0.12269730714453995
705742,LOW,0.05,-0.02256725388125061
705298,LOW,0.09,0.0
607653,LOW,0.12,0.18821800177929096
705783,HIGH,0.74,11.405192671054895
611855,LOW,0.3,5.19075798572768
611929,LOW,0.01,0.0
616841,LOW,0.01,-2.2600890359226513
616843,LOW,0.01,-1.633010614218803
617403,LOW,0.02,-0.8574480130128503
617404,LOW,0.0,-2.8451060019017342
705752,LOW,0.04,-22.02672599536845
705919,LOW,0.06,0.3097689315946007
706836,HIGH,0.8,31.65180675992765
706866,LOW,0.03,-15.864966324315773
400280,LOW,0.22,1.747197990261399
613002,LOW,0.14,0.0
705244,LOW,0.1,0.0
705489,MEDIUM,0.7,157.4990588475294
617409,LOW,0.24,6.892118765966878
400204,LOW,0.07,0.0281858500348498
400205,LOW,0.13,3.7708026581429817
617213,LOW,0.03,0.0
617252,HIGH,0.81,44.90117355891371
617370,HIGH,0.77,22.012988330215194
705567,HIGH,0.81,20.68027667722141
705588,HIGH,0.97,110.09294412568897
705766,MEDIUM,0.46,3.3234835045035527
705772,MEDIUM,0.59,7.163312704155507
705774,MEDIUM,0.67,2.9015670323406675
705777,LOW,0.13,1.7930028674132448
705780,HIGH,0.83,0.7987346480476855
705782,HIGH,0.93,25.297245432559535
400247,HIGH,0.93,82.00783553128747
400273,HIGH,0.96,64.43220804224265
612096,LOW,0.04,-0.7581187555297033
619184,HIGH,0.84,57.81408705198509
619185,HIGH,0.76,51.41458209230093
619186,MEDIUM,0.44,40.96289286668709
617984,LOW,0.01,-0.4449295790904985
617985,MEDIUM,0.63,4.808336913783334
617986,LOW,0.05,0.6968495585326739
617987,LOW,0.04,-3.102536973114756
617988,LOW,0.02,-10.20626924513961
617991,LOW,0.05,-0.669185514441625
618013,LOW,0.34,13.53762385536565
618037,LOW,0.03,-10.036633070895466
618052,LOW,0.02,-2.464937367239052
618053,LOW,0.02,-0.17010448741899326
618101,LOW,0.01,-1.0206269245139594
618103,LOW,0.02,-1.7344951048664354
618125,LOW,0.01,-0.7439349032460677
618193,LOW,0.03,-1.273847168361916
618194,LOW,0.18,0.6375586351782926
618236,LOW,0.08,-3.8196577969824825
618238,MEDIUM,0.64,13.879407422825816
618239,HIGH,0.8,7.681249850820313
618254,LOW,0.0,-0.20542726452008947
618255,LOW,0.05,-1.0491280491967006
618256,LOW,0.23,1.6966374781053581
618257,LOW,0.25,0.33394741442643033
618412,LOW,0.01,-0.1006132802916508
618475,LOW,0.17,0.2780031327095434
618476,LOW,0.19,0.46962880164332105
618524,LOW,0.05,-36.68644047046404
618525,LOW,0.0,-32.82577985067148
618526,LOW,0.19,2.399759592371478
618579,MEDIUM,0.61,8.469747780128683
618629,MEDIUM,0.42,5.142515554898936
618633,LOW,0.0,0.0
618682,HIGH,0.76,5.078450464165223
618700,HIGH,0.85,23.232168273034226
618712,LOW,0.01,-7.813625518341341
618713,LOW,0.02,-15.848389197171862
618714,LOW,0.01,-13.139372025085612
618715,LOW,0.02,-4.034805648776635
618716,LOW,0.03,-10.320326656980745
618717,LOW,0.02,-18.32094798051609
618718,LOW,0.01,-14.823394049290517
618719,LOW,0.0,-13.8830786900458
618720,LOW,0.02,-13.029690446545892
618721,LOW,0.02,-15.716389364369572
618759,LOW,0.15,0.06988776633954533
618777,LOW,0.08,-53.077715357169524
618778,HIGH,0.73,5.483302286789134
618803,HIGH,0.79,15.446115127212929
618804,LOW,0.13,-0.2637009297174362
618805,LOW,0.01,-0.13562024530578057
618806,LOW,0.14,-1.713791910014458
618807,LOW,0.09,-1.115845471683821
618826,LOW,0.05,0.3360807675722968
618827,LOW,0.04,-4.447253580886662
618920,LOW,0.02,-11.934003970926232
619076,HIGH,0.89,15.18656559641912
619102,LOW,0.02,0.0039903766384602165
619111,LOW,0.33,0.17751542729081013
619112,LOW,0.13,0.29177852854228936
619123,LOW,0.0,-19.58439384196611
619124,LOW,0.02,-16.41854982443037
619125,LOW,0.01,-14.646527795605435
619126,LOW,0.02,-5.29329132221384
619140,LOW,0.03,-26.728603120799136
619141,LOW,0.03,-4.469318052508246
619160,LOW,0.08,-29.55837264092527
617892,LOW,0.2,-0.5359620728272199
618401,LOW,0.0,0.0
618402,LOW,0.01,0.0
618403,LOW,0.01,0.15614185571889166
618404,LOW,0.01,0.06804684524792831
618405,LOW,0.01,0.0
618433,LOW,0.05,-0.0653360208887173
618434,LOW,0.03,-0.8735840014743215
618445,LOW,0.02,0.0
619014,LOW,0.01,0.7977430303733576
619248,LOW,0.03,0.0
617895,LOW,0.05,0.5557629862791034
617896,LOW,0.0,0.07807092785944583
618034,LOW,0.02,0.2659193343349128
618159,LOW,0.0,2.5493709468389643
618160,LOW,0.04,0.0
618282,LOW,0.09,0.8949752670670901
618283,LOW,0.13,0.7160531915765543
618284,LOW,0.11,-1.0875335248796096
618286,LOW,0.01,0.2654545109669522
618287,LOW,0.0,0.0
618288,LOW,0.0,0.0
618289,LOW,0.05,-5.241678834844909e-05
618308,MEDIUM,0.69,5.38689402230176
618309,LOW,0.0,0.0
618310,LOW,0.03,0.0
618311,LOW,0.01,-0.2858537605913735
618312,LOW,0.0,0.0
618313,LOW,0.0,0.0
618314,LOW,0.06,0.5892969210719042
618315,LOW,0.12,-0.5597535144092214
618326,LOW,0.03,0.11673478727058771
618331,LOW,0.1,-0.08432915528317274
618340,LOW,0.07,0.5565026405380569
618351,LOW,0.02,-16.042764137051645
618352,LOW,0.04,-20.186702340401283
618353,LOW,0.04,-1.5218721110281637
618354,LOW,0.03,-5.09995330885717
618371,LOW,0.05,-0.7190824810170464
618373,LOW,0.04,1.4528686107647542
618436,LOW,0.01,-2.1731534950281155
618437,LOW,0.05,3.948882307578757
618438,LOW,0.14,28.873004878430653
618440,LOW,0.32,5.132429369343273
618441,HIGH,0.78,1.3266837205991713
618442,LOW,0.19,4.13429552739994
618454,LOW,0.1,3.0425310089205846
618455,LOW,0.03,0.15602511899926086
618934,LOW,0.04,-7.01490935664235
618958,LOW,0.08,-15.490483352153804
619013,HIGH,0.77,5.1256256735134444
619057,LOW,0.09,4.347878440976851
619060,MEDIUM,0.69,43.838671144819706
619089,HIGH,0.84,33.49345743665714
617897,LOW,0.1,2.8182307655789516
617958,LOW,0.06,0.3573410986474702
617961,HIGH,0.74,34.09310868255955
617966,MEDIUM,0.69,16.34889092387064
617969,LOW,0.07,2.9698939180113935
618004,LOW,0.0,0.0
618073,LOW,0.05,3.0307114024647626
618074,LOW,0.11,2.133168801893235
618080,LOW,0.01,1.2665855703440614
618120,LOW,0.06,1.2665855703440614
618121,LOW,0.07,0.5161652729504876
618126,LOW,0.01,0.5058368395612345
618146,LOW,0.02,0.9372878788711728
618228,LOW,0.09,3.3333487371201143
618234,LOW,0.2,4.851822130478093
618246,LOW,0.11,0.34629491752593716
618250,LOW,0.04,3.105980054654505
618251,LOW,0.04,0.5176633424424175
618571,HIGH,0.9,35.58620844463969
618725,HIGH,0.93,-0.6991063783216097
618726,HIGH,0.89,4.010133944144144
618727,HIGH,0.95,5.282588085175308
618738,LOW,0.1,-30.897929238695994
618739,HIGH,0.92,3.5865488036671125
618740,HIGH,0.93,3.497779172276572
618741,HIGH,0.93,7.205983106135659
618742,LOW,0.08,3.441388591657869
618775,LOW,0.16,-46.68063385469495
618790,HIGH,0.95,6.693979706796927
618791,HIGH,0.89,8.655476782625357
618840,HIGH,0.91,44.145956791749114
618841,LOW,0.24,-17.721812012169373
618861,HIGH,0.91,37.19232424446476
618862,HIGH,0.91,30.180772100635213
618902,HIGH,0.8,87.90211067720138
618903,LOW,0.26,3.5195386696318254
618905,HIGH,0.76,3.788415058114252
618914,LOW,0.25,-25.097172402609345
618917,MEDIUM,0.52,-43.35401031979004
618926,HIGH,0.81,21.984614751807268
618953,HIGH,0.89,11.371392010071268
618954,HIGH,0.97,14.954428849305575
618955,HIGH,0.95,67.29260300498404
618956,LOW,0.12,-23.82362539219175
619127,HIGH,0.75,-23.36884725402492
619136,HIGH,0.72,-2.755037652682325
619152,LOW,0.35,4.93441297088051
619166,HIGH,0.9,17.191010576078483
619289,HIGH,0.99,6.383427757415827
619301,HIGH,0.86,20.48693342954758
619305,HIGH,0.89,5.62182290892881
619306,HIGH,0.87,13.698779208321735
619317,HIGH,0.91,11.156416859872243
617908,LOW,0.06,0.0
617919,LOW,0.09,-0.23233500613977345
617971,LOW,0.01,0.5056536413933032
617972,LOW,0.0,0.0
618014,LOW,0.08,0.21959762825536383
618015,MEDIUM,0.69,1.0775032163612999
618016,LOW,0.0,0.0
618017,LOW,0.13,0.21862384100084348
618018,LOW,0.0,0.23473374975043498
618589,LOW,0.15,-5.944463506845949
618590,LOW,0.13,-12.917535035362851
618639,HIGH,0.86,24.56297061939567
618640,HIGH,0.75,15.93845176932876
618646,LOW,0.02,-0.9728197368173938
618673,LOW,0.07,-10.170095613735379
618674,LOW,0.07,-0.5498672916991475
618675,LOW,0.1,-0.9890124982154117
618957,HIGH,0.81,16.246987795708375
619039,LOW,0.0,0.0
619103,HIGH,0.84,5.5214960954789145
619167,HIGH,0.89,35.61080262065176
619347,LOW,0.0,0.0
619183,LOW,0.11,0.05469594141071541
618509,HIGH,0.88,5.417120050550195
619090,HIGH,0.95,31.436535286475333
619202,HIGH,0.98,78.91885517088635
617941,LOW,0.01,0.0
617942,LOW,0.08,1.1862731953340746
617943,LOW,0.02,0.0
618609,LOW,0.04,-26.222409932216983
617906,MEDIUM,0.68,10.911986533127251
617916,LOW,0.05,0.7232765612327657
617926,LOW,0.14,1.627172262773723
617927,LOW,0.06,1.8081914030819146
617928,HIGH,0.85,13.825611500050421
617976,LOW,0.21,4.3251599779367265
618022,HIGH,0.87,21.030259153504726
618107,LOW,0.13,1.079635666712511
618108,MEDIUM,0.57,11.079527052782543
618459,HIGH,0.83,0.06102845745279824
618462,HIGH,0.86,1.465205609459119
618463,HIGH,0.97,95.71172290598412
618467,LOW,0.02,-10.187714259313026
618503,HIGH,0.96,12.770764240642562
618504,HIGH,0.87,8.980983373137057
618507,HIGH,0.92,27.861341361900955
618508,LOW,0.06,-8.776742840768756
618564,LOW,0.05,-63.114283670217056
618615,HIGH,0.92,9.094138933999192
618616,LOW,0.04,-30.449784005667397
618787,MEDIUM,0.46,-12.752267254972892
618901,LOW,0.36,-0.4615931362875428
618930,LOW,0.03,-18.585745432215067
618931,LOW,0.01,-21.121472682772648
619061,LOW,0.07,1.8081914030819146
619087,LOW,0.15,-22.548072215548963
619145,HIGH,0.97,33.942187657967835
619197,HIGH,0.83,7.92870904081589
619297,LOW,0.0,-42.891536438877836
618482,HIGH,0.95,26.83605458595244
618483,HIGH,0.86,17.36593540943609
618506,LOW,0.09,-32.27295063548229
618580,HIGH,0.92,42.914839098893026
618788,HIGH,0.89,15.451064825879024
618792,LOW,0.13,-21.970417392591145
618936,LOW,0.23,-15.197621951983102
619080,HIGH,0.86,9.445267658470208
619092,HIGH,0.97,47.436002947418245
619132,HIGH,0.9,7.4531056534185325
619201,HIGH,0.8,8.968874430260954
618215,LOW,0.01,-23.1177125765342
618216,LOW,0.02,-16.53907185116576
618217,LOW,0.02,-19.337537762614193
618230,LOW,0.08,-7.283986168863075
618231,LOW,0.05,-2.3719874359003312
618232,LOW,0.14,-16.238584999983054
618253,MEDIUM,0.56,-6.536191291599949
618850,HIGH,0.94,12.578748618269406
618851,HIGH,0.89,25.859609862498296
618852,HIGH,0.86,5.27390438117729
618878,HIGH,0.78,7.621567965995488
618879,LOW,0.22,3.367293246052826
618880,LOW,0.18,-12.00610519582713
618881,LOW,0.13,9.508465365781106
618888,HIGH,0.97,19.058877927818706
618889,HIGH,0.97,29.44061004808748
618890,MEDIUM,0.69,0.5796022807170058
618891,LOW,0.05,-32.03076969888356
618892,LOW,0.02,0.0
618921,HIGH,0.83,36.67202679059029
618922,MEDIUM,0.69,30.592727078102797
619003,HIGH,0.9,82.95148359764096
619153,HIGH,0.89,29.264465820692024
618038,LOW,0.02,0.015615988642917395
618201,LOW,0.0,0.0
618202,LOW,0.0,0.0644798199067375
618203,LOW,0.0,0.6495764446087767
618204,LOW,0.0,-0.5192360350492882
618205,LOW,0.0,-0.3526950557764578
618206,LOW,0.0,0.0644798199067375
618221,LOW,0.0,0.6901207639329094
618222,LOW,0.0,1.5954860607467152
618223,LOW,0.04,0.47869319098441515
618224,LOW,0.02,-0.5894829889114805
618225,LOW,0.0,0.11199543276641062
618226,LOW,0.02,0.4212324279564891
618394,LOW,0.06,1.6374716779033542
618395,LOW,0.02,0.0
618397,LOW,0.05,0.7184130806291242
618398,LOW,0.05,0.835470522728094
618399,LOW,0.01,0.0
618400,LOW,0.05,0.2211016067628787
618406,LOW,0.39,17.032866674168357
618407,LOW,0.02,0.6221508201804437
618494,HIGH,0.77,26.368873202028695
618495,LOW,0.04,-13.786681528092643
618496,MEDIUM,0.63,13.253699772012121
618497,LOW,0.11,-6.53170969257895
618541,MEDIUM,0.53,6.806445387271991
618542,LOW,0.12,-5.880320165061338
618543,LOW,0.05,-40.124544132388415
618544,MEDIUM,0.58,17.088946630046678
618545,LOW,0.06,-21.961183970802473
618547,LOW,0.01,-20.116417082264366
618549,HIGH,0.84,188.8461424423745
618550,LOW,0.04,-49.711567793409614
618967,LOW,0.07,-11.270850379223738
619038,LOW,0.01,0.0
618060,LOW,0.01,-0.46499280786982683
618083,LOW,0.0,-2.7693483986067458
618084,LOW,0.24,3.7001134071404813
618127,LOW,0.0,-2.61549570979526
618242,LOW,0.01,-0.6154107552459435
618534,LOW,0.01,-13.619397800020327
618535,LOW,0.01,-33.18519108286756
618641,LOW,0.05,-0.3094666053363715
618642,HIGH,0.96,8.343984056674078
618644,HIGH,0.95,14.263230529439308
618645,HIGH,0.84,0.33153338010968164
618729,LOW,0.01,-0.8184319118705768
618730,LOW,0.01,-0.35658723119647556
618731,LOW,0.0,-0.35658723119647556
618733,LOW,0.01,-0.35658723119647556
618736,LOW,0.04,-11.796891634281263
618737,LOW,0.01,-75.27069393677348
618830,HIGH,0.93,9.938734932697129
618831,LOW,0.07,-11.070290161480154
618832,LOW,0.04,-0.5276524803433085
618863,HIGH,0.94,28.735778733424198
618947,HIGH,0.96,2.3967682919790576
618949,HIGH,0.9,4.137396297299693
618950,LOW,0.02,0.09327252087746325
619005,LOW,0.0,-10.615835527992523
617935,MEDIUM,0.69,11.738545439336951
617950,LOW,0.0,0.0
617951,LOW,0.0,0.0
617955,LOW,0.03,-1.185051294687508
617989,HIGH,0.74,13.904743267949684
617997,LOW,0.0,0.0
617998,LOW,0.11,0.6116570460108377
617999,LOW,0.02,0.4036944723561719
618000,LOW,0.19,-0.6699011232164832
618027,LOW,0.03,-0.7774339810983142
618028,LOW,0.02,0.0
618029,LOW,0.01,-7.403914622328738
618031,LOW,0.01,0.07481044363273441
618086,LOW,0.02,0.0
618087,LOW,0.12,0.6055416192064251
618095,LOW,0.06,0.0034609458608595924
618109,LOW,0.01,-1.683868189258692
618147,LOW,0.12,0.5578602412558001
618148,LOW,0.02,-0.5103134622569797
618149,LOW,0.07,2.3330311669985893
618151,LOW,0.01,0.0
618184,LOW,0.05,-0.2678318343070927
618185,LOW,0.0,0.0
618189,LOW,0.01,0.0
618517,LOW,0.2,-20.745404269838673
618518,HIGH,0.79,12.937134430088486
618520,HIGH,0.81,18.694245672065872
618630,LOW,0.27,3.802737600736721
618649,LOW,0.05,-17.750620154444626
618650,LOW,0.07,-8.471354205375942
618651,LOW,0.05,-8.155632826180849
618697,LOW,0.05,-43.53009528056389
618702,LOW,0.17,-12.790942997413843
618706,HIGH,0.97,24.77386571618686
618707,LOW,0.08,-12.050964836734963
618709,LOW,0.16,-15.833954732604003
618799,HIGH,0.92,7.004759085919611
618870,HIGH,0.76,58.77337439191692
618871,LOW,0.24,6.148727142226817
618872,LOW,0.08,-9.606536749881073
618873,LOW,0.1,-0.7500692012169459
618887,HIGH,0.79,15.78511400510407
618896,HIGH,0.77,36.116407393280696
619065,LOW,0.13,-0.2520423414567544
619071,LOW,0.11,-13.98427242530217
619072,HIGH,0.85,9.577184441526711
619073,HIGH,0.91,16.322723999478878
619096,HIGH,0.94,22.524282184125763
619106,LOW,0.0,-20.514983092911898
619107,LOW,0.01,-11.098121155965528
619108,LOW,0.03,-12.2893473975951
619117,HIGH,0.94,11.480781965081285
619120,HIGH,0.97,39.46542552898091
619138,HIGH,0.71,-4.945604763620591
619150,HIGH,0.93,29.860718409393243
619164,MEDIUM,0.54,11.827758146076812
619211,LOW,0.15,-1.7275593406865934
619214,LOW,0.12,0.7776204263909441
619218,HIGH,0.94,19.415272387693268
619219,MEDIUM,0.67,10.357108562317729
619220,LOW,0.28,-6.838944105784154
618070,MEDIUM,0.64,4.445596173459041
618595,HIGH,0.82,10.951234525236535
618596,HIGH,0.95,27.93105761730492
618597,MEDIUM,0.56,16.17206890057542
618598,MEDIUM,0.62,6.767982640151902
618599,LOW,0.13,3.609889360852452
618600,LOW,0.35,10.91748121114009
618601,LOW,0.2,4.1342588934755655
618602,LOW,0.26,6.681454997548625
618603,HIGH,0.76,6.095729657938939
618604,HIGH,0.92,28.83553115332736
618605,LOW,0.27,-2.7096916301737135
618606,LOW,0.2,6.689536968546206
618607,HIGH,0.73,21.655811921129207
618708,HIGH,0.88,5.4188436715580055
619098,HIGH,0.87,31.03835753092798
619206,MEDIUM,0.6,8.905385145919007
619207,HIGH,0.94,24.74769622737589
619208,LOW,0.23,1.0499054958895857
618408,LOW,0.03,-0.12416278516302309
618409,LOW,0.03,0.0
618410,LOW,0.13,1.0014510692046188
617909,LOW,0.0,0.0
617911,LOW,0.02,0.34230427581975903
617914,MEDIUM,0.66,2.424076607387143
618019,LOW,0.01,-0.9034055090659898
618020,LOW,0.01,0.015615988642917395
618021,LOW,0.02,0.03672843344525977
618035,LOW,0.02,0.21980223285829711
618036,LOW,0.04,0.0
618043,LOW,0.0,-0.6526645607504009
618044,LOW,0.13,-0.04336146702207986
618068,LOW,0.28,1.0004886138957383
618085,LOW,0.04,-2.103126774141488
618129,LOW,0.03,-0.13304591280477396
618156,LOW,0.02,0.6695719390675481
618157,LOW,0.03,-0.037865169071782674
618158,LOW,0.0,0.0
618170,LOW,0.39,1.5793226381461694
618171,LOW,0.04,0.4318619905545706
618619,LOW,0.03,-0.060334071155375264
618620,MEDIUM,0.64,-3.200178433086056
618621,HIGH,0.71,19.530634990756845
618622,MEDIUM,0.47,7.0688144819064185
618623,LOW,0.28,-4.943018239202935
618654,LOW,0.14,-11.892902053016593
618655,LOW,0.18,-30.404349095305
618661,LOW,0.05,-3.3256351404765847
618662,LOW,0.0,-0.481658082042016
618663,LOW,0.14,-5.010930778942453
618664,LOW,0.09,-8.629672053268147
618666,LOW,0.21,-13.97725636522586
618667,LOW,0.04,-16.491366843349514
618671,LOW,0.0,-34.97322670221554
618672,LOW,0.03,-29.947716267938336
618684,LOW,0.12,-10.461338829858391
618685,LOW,0.13,-10.047617360968854
618686,LOW,0.32,-7.245999266493494
618687,LOW,0.23,-1.2247397169156446
618688,LOW,0.08,-28.978538275243746
618694,LOW,0.25,-7.485308181351541
618735,MEDIUM,0.68,3.9350674661144818
618751,MEDIUM,0.59,-3.991657315390297
618762,LOW,0.19,-9.001091572824164
618784,LOW,0.21,-3.3696442391694434
618932,LOW,0.24,3.298921872221515
618933,LOW,0.32,22.401435347123115
618962,LOW,0.04,-22.003959759719876
618963,MEDIUM,0.64,-1.6017405941546223
618964,LOW,0.03,-0.15166244938206486
618966,LOW,0.01,-2.5368215715688773
619007,LOW,0.0,0.03672843344525977
619100,HIGH,0.74,24.627749534041765
619114,HIGH,0.72,-1.2442879942207659
617912,LOW,0.0,-0.24292289100866482
617932,LOW,0.01,-0.36438433651299723
617934,LOW,0.13,22.67419607753779
617937,LOW,0.04,1.2258791408299003
617938,LOW,0.01,0.0
617945,LOW,0.0,-0.14700442750658532
617946,LOW,0.19,13.664549265936454
617947,HIGH,0.75,33.17763047184276
617948,MEDIUM,0.68,51.06861197092755
617965,LOW,0.06,1.3390360972687063
617978,LOW,0.04,-0.05845231028773152
617979,LOW,0.03,1.5508442357249326
618042,LOW,0.02,0.0
618047,LOW,0.0,0.34578326614401644
618049,LOW,0.01,-0.42836113411571836
618059,LOW,0.0,-0.12146144550433241
618061,LOW,0.01,0.051628155265766786
618065,LOW,0.02,-0.12146144550433241
618088,LOW,0.01,0.0
618089,LOW,0.01,0.03123197728583479
618094,LOW,0.07,3.132731150019919
618096,LOW,0.0,-0.21457196752581523
618097,LOW,0.01,1.9869772172617304
618098,LOW,0.01,2.4860135420817486
618133,LOW,0.01,-0.42051966402386376
618134,LOW,0.04,0.3229185536797349
618137,LOW,0.01,-0.1965089894608676
618138,LOW,0.0,0.0
618139,LOW,0.0,0.0
618150,LOW,0.03,-0.5103268119659561
618152,LOW,0.02,0.5329268483986539
618153,LOW,0.01,0.25166520916390217
618154,LOW,0.0,-0.11098992750368904
618155,LOW,0.01,-0.08008990046733963
618172,LOW,0.02,-1.0451204001370002
618173,LOW,0.01,-0.14460483644639277
618174,LOW,0.01,-0.5569510610653964
618176,LOW,0.02,0.0
618177,LOW,0.05,-0.07545230849128634
618178,LOW,0.0,3.1909721214934303
618180,LOW,0.0,-0.12146144550433241
618188,LOW,0.01,-2.119990308179223
618198,LOW,0.01,-5.042174579097105
618199,LOW,0.0,0.0
618469,MEDIUM,0.62,2.2748447077763876
618470,MEDIUM,0.51,-12.00085412945878
618471,HIGH,0.89,4.49500144171763
618472,HIGH,0.88,0.3194876422357575
618473,HIGH,0.88,7.119108570101207
618511,LOW,0.01,-32.97798192309689
618512,LOW,0.22,-3.2333589072979163
618513,LOW,0.07,-26.854745604609874
618514,MEDIUM,0.59,-25.447641626124472
618557,LOW,0.36,1.5994467747129781
618585,LOW,0.04,-19.995308745702992
618586,LOW,0.07,-33.753482687828594
618588,MEDIUM,0.6,5.834205190053663
618594,LOW,0.12,-29.43165994467307
618626,LOW,0.1,-29.560817064462036
618627,LOW,0.02,-37.035191421441816
618628,LOW,0.16,-30.628874196049125
618653,HIGH,0.89,125.27937491151447
618693,LOW,0.16,-0.9535036355972955
618754,LOW,0.03,-35.68257140726283
618766,LOW,0.04,-19.58465855681387
618836,LOW,0.21,-3.0557255877109184
618837,LOW,0.12,-3.6622887705742073
618937,HIGH,0.85,23.494501533264565
618939,LOW,0.01,-41.61968351888397
619008,LOW,0.01,-0.11098992750368904
619042,LOW,0.0,-0.42051966402386376
619043,LOW,0.0,-36.73809023502271
619069,HIGH,0.83,13.53852382063136
619095,LOW,0.28,-4.802052181956467
619149,HIGH,0.79,16.332121722635094
619163,MEDIUM,0.49,9.920032188621061
619198,HIGH,0.77,26.160634002968468
619203,HIGH,0.72,3.350950425402234
619204,LOW,0.0,-0.8734514662066801
619210,LOW,0.33,4.682067241720794
619298,LOW,0.01,0.020063296842974577
619299,LOW,0.0,-1.8550677809037446
619300,LOW,0.01,-14.291165735038279
618298,LOW,0.08,10.498562306352913
618299,LOW,0.03,0.09319440832317893
618300,LOW,0.0,0.0
618301,LOW,0.01,0.0
618302,LOW,0.0,0.0
618303,LOW,0.01,0.27044262640519073
618304,LOW,0.16,20.958060437823622
618305,LOW,0.0,0.0
618306,LOW,0.0,0.0
618333,LOW,0.0,-0.8048361454992485
618334,LOW,0.01,0.4862022495426768
618335,LOW,0.01,1.274959864938689
618336,LOW,0.01,-0.10200989999708368
618337,LOW,0.34,37.83553192330111
618338,LOW,0.05,0.08808703688130681
618344,LOW,0.05,1.0271111427002912
618345,LOW,0.0,-0.39600802789297895
618346,LOW,0.02,2.2566780082439517
618347,LOW,0.01,-0.02439426391785597
618348,LOW,0.0,1.1765971820201229
618349,LOW,0.02,1.020017912233306
618355,LOW,0.04,0.07386510307187362
618356,LOW,0.01,0.0
618357,LOW,0.02,0.1919670632393633
618358,LOW,0.01,0.18849901614146936
618387,LOW,0.01,0.25580319889071074
618388,LOW,0.0,0.0
618389,LOW,0.05,0.24317507911999847
618415,LOW,0.17,2.115868576341191
618416,LOW,0.03,2.152641245272122
617885,LOW,0.04,-1.709749319802022
618076,LOW,0.0,-20.08812081723919
618294,LOW,0.01,-1.6286678464134325
618295,LOW,0.0,-1.7270124946352874
618374,LOW,0.03,-0.2762010154927744
618375,LOW,0.0,-0.8143339232067163
618376,LOW,0.0,-1.7270124946352874
618377,LOW,0.0,-0.7641906348842951
618418,LOW,0.04,0.14953105259908855
618419,LOW,0.0,0.0
618420,LOW,0.01,0.3454241215701952
618421,LOW,0.02,0.11162518412206826
618316,LOW,0.01,0.0
618317,LOW,0.01,0.0
618318,LOW,0.0,0.0
618319,LOW,0.0,0.0
618320,LOW,0.02,0.0
618321,LOW,0.0,0.0
618323,LOW,0.0,0.0
618324,LOW,0.0,0.0
618362,LOW,0.03,1.0894389499269637
618363,LOW,0.01,1.0174897534203036
618379,LOW,0.05,1.4303425965640932
618380,LOW,0.04,-2.2440912004684948
618383,LOW,0.03,0.998056690672555
618452,LOW,0.0,0.0
619010,LOW,0.05,-0.0052087835178169836
619321,LOW,0.03,0.0
619199,LOW,0.08,1.3622946528773532
618681,MEDIUM,0.7,2.1526091383254267
618477,LOW,0.07,-1.0679675298295899
618634,LOW,0.1,-0.13260590352173174
618769,LOW,0.03,-6.007125672545553
618772,HIGH,0.75,5.902572133411508
619077,HIGH,0.85,0.35762263739955746
618747,HIGH,0.84,34.407999874784316
618818,HIGH,0.73,2.2532630285012694
619143,HIGH,0.83,-1.0682500695747148
619212,HIGH,0.83,3.8361126281264317
618359,LOW,0.02,-10.306778968311097
618531,LOW,0.14,-23.226708263727822
618724,MEDIUM,0.67,-9.942421598390359
618732,LOW,0.06,0.0024546300604932686
618951,HIGH,0.88,9.018709458402865
618952,HIGH,0.92,10.902986762980238
619078,LOW,0.31,2.8612394951625073
619307,HIGH,0.82,6.431337279634688
618530,LOW,0.28,1.4507053537168877
618728,MEDIUM,0.64,1.8655752689746798
618882,LOW,0.06,-22.33435723194559
619154,MEDIUM,0.48,5.510517387075831
618584,LOW,0.12,-1.2523672736978098
619064,HIGH,0.75,22.68754238731819
618942,LOW,0.1,-32.363385881728554
618637,HIGH,0.89,0.864815117435331
618486,HIGH,0.96,22.779285224754503
619093,MEDIUM,0.44,-9.756924777751047
619134,HIGH,0.96,13.993457609932914
619216,LOW,0.39,-8.462670340663594
618505,LOW,0.28,-20.613519857034944
618691,LOW,0.03,-3.1560162206907507
618723,LOW,0.17,-12.838014364055724
619068,HIGH,0.78,11.622423131874966
618907,LOW,0.15,-7.959868272681947
619066,MEDIUM,0.64,3.2132021445176457
618533,HIGH,0.94,6.96624631768917
618734,MEDIUM,0.69,7.661782818523366
618909,HIGH,0.91,9.921081600253006
618948,LOW,0.18,-4.326985762190415
619205,HIGH,0.82,24.243906032031155
618516,LOW,0.29,-11.806702598452624
618636,LOW,0.13,-21.85790236878903
618519,LOW,0.09,-2.169134616461491
618581,LOW,0.15,4.966374673871784
618631,LOW,0.19,-2.726613088619165
618632,MEDIUM,0.65,3.89039283878167
619097,HIGH,0.94,40.0948248938402
619101,LOW,0.06,-11.812093066737738
618556,LOW,0.19,2.299451070661512
618668,LOW,0.04,-13.634577544743513
618941,HIGH,0.83,16.309801797121764
618844,LOW,0.02,-12.04796450050287
618845,LOW,0.03,-17.564261669514426
618847,LOW,0.17,-0.2135414883344862
618711,LOW,0.1,-22.057769028023294
618783,LOW,0.02,-8.65860729904623
618886,LOW,0.03,-75.34592076373372
618928,LOW,0.02,-20.148401290737887
618969,MEDIUM,0.41,18.644445326745554
619217,LOW,0.23,0.039666457543949235
617886,LOW,0.08,1.5315769081751263
618072,LOW,0.04,0.8198186237775181
618290,LOW,0.23,7.114979187642832
618291,HIGH,0.79,80.87799963181314
618292,LOW,0.1,7.848339211617913
618293,MEDIUM,0.61,31.07507649159161
618296,LOW,0.08,11.814955224362173
618297,LOW,0.02,0.5105256360583753
618328,MEDIUM,0.61,25.759795709652003
618364,LOW,0.08,1.194239514856326
618365,LOW,0.1,1.50268027504218
618366,LOW,0.02,0.07807092785944583
618413,MEDIUM,0.6,8.464692731992423
618414,LOW,0.07,1.6187336707216895
618422,LOW,0.11,2.1290345512307267
618423,LOW,0.12,14.11458955655415
619059,LOW,0.11,0.7495985955003509
617898,LOW,0.0,-0.15385268881148587
617899,LOW,0.01,0.030554930035298175
617902,LOW,0.02,0.0
617904,LOW,0.04,-0.06949270461331014
617905,LOW,0.0,0.0
617918,LOW,0.01,0.2659193343349128
617920,LOW,0.0,0.0
617921,LOW,0.0,0.0
617922,LOW,0.0,0.0
617923,LOW,0.01,-0.9989093475332015
617925,LOW,0.05,0.22492754404490184
617930,LOW,0.02,0.09548055882848006
618003,LOW,0.05,1.4960320653345118
618012,LOW,0.01,-0.033241934538587446
618079,LOW,0.02,0.0
618122,LOW,0.0,0.0
618523,HIGH,0.94,48.07754536370207
618591,LOW,0.07,-37.28744784419228
618592,LOW,0.06,-26.292125452438167
618593,LOW,0.03,-36.52437796009299
618677,HIGH,0.97,18.87981385295117
618678,HIGH,0.95,12.659082363866638
618680,HIGH,0.95,20.475488789579526
618704,MEDIUM,0.49,-6.655219763801452
618705,LOW,0.13,-0.6071077316896616
618820,HIGH,0.85,6.434404697065611
618821,HIGH,0.8,2.702635598765681
618822,LOW,0.33,-3.703759891524226
618908,LOW,0.16,-20.623889016839453
619109,HIGH,0.94,18.840281702587525
619118,HIGH,0.96,11.941430362517028
619119,HIGH,0.98,19.401854132623818
619157,HIGH,0.93,36.66208324119266
619158,HIGH,0.87,39.98815747506302
619181,MEDIUM,0.68,0.950852358245071
619213,HIGH,0.93,30.86942624817452
619215,HIGH,0.97,16.73970643109111
618010,LOW,0.03,0.15307692307692308
618024,LOW,0.08,0.0
618489,HIGH,0.97,36.6246632872857
618492,HIGH,0.86,12.249017992445767
618493,LOW,0.28,-30.72439370524114
618551,HIGH,0.82,-1.9997274171212194
618552,HIGH,0.97,23.295157015120484
618610,HIGH,0.89,47.68110305556951
618617,HIGH,0.9,17.67435738800067
618618,HIGH,0.97,29.092700886766934
618647,HIGH,0.8,7.530820576096095
618648,LOW,0.2,0.0
618764,HIGH,0.92,19.391006155136086
618776,HIGH,0.94,12.574746158522435
618785,HIGH,0.83,15.584634880861161
618786,HIGH,0.91,24.214674627752625
618793,HIGH,0.92,14.895396379107304
618794,MEDIUM,0.54,1.179567408226849
618795,LOW,0.29,-4.21017758951306
618809,HIGH,0.96,19.700674986882014
618810,LOW,0.35,2.019640127472479
618906,HIGH,0.94,55.83944258140641
619099,HIGH,0.99,21.917946215495107
619105,HIGH,0.9,6.299268352648323
619200,HIGH,0.94,18.545539923612168
619318,MEDIUM,0.7,10.451163488107422
617901,LOW,0.01,0.0
618011,LOW,0.04,-0.5371005890962027
618069,LOW,0.01,2.3932290911200726
618092,LOW,0.02,-0.5178266479738539
618117,LOW,0.01,-1.4428690575479575
618200,LOW,0.0,0.0
618235,LOW,0.01,-0.17307867834976276
618457,LOW,0.09,1.8592414454835682
618458,LOW,0.09,7.156157131534887
618611,LOW,0.16,1.1336395044506558
618612,LOW,0.09,-0.984937937179228
618613,LOW,0.13,1.2567838583265292
618757,LOW,0.05,-19.957137522714127
618758,LOW,0.03,-27.043224185109217
618796,LOW,0.19,14.560849870021604
618797,LOW,0.01,-16.618279026639282
618838,LOW,0.05,-17.028306580887243
618853,LOW,0.04,-24.935589116700918
619251,LOW,0.01,0.0
619270,LOW,0.0,-5.308932452977842
619271,LOW,0.0,-1.298624175109952
618071,LOW,0.04,-2.5105591102477143
618426,MEDIUM,0.69,27.06444967804399
618428,HIGH,0.71,29.7154683517627
618446,LOW,0.05,-2.0599515413337777
618447,LOW,0.03,-3.680268659203821
618448,LOW,0.01,-2.4547607473647344
618449,HIGH,0.77,13.305165928417857
618450,LOW,0.1,6.25949029221576
617962,LOW,0.18,1.8982217444183127
618478,LOW,0.15,-3.0337539713557016
618479,LOW,0.09,-22.252334362155764
618480,MEDIUM,0.62,-13.406829873749926
618481,LOW,0.09,-1.5326552343756565
618521,LOW,0.14,3.901707097393604
618522,MEDIUM,0.47,-19.218220460868906
618561,LOW,0.05,-18.663607656505373
618563,LOW,0.18,6.586854411684263
618608,LOW,0.15,-12.470906989878383
618635,LOW,0.1,-18.227140172908754
618744,LOW,0.07,-16.427340331275165
618756,LOW,0.11,3.164242956710856
618800,LOW,0.03,-0.23082765719987397
618801,LOW,0.06,-2.3001378974131685
618846,LOW,0.08,-6.346867660971653
618894,LOW,0.09,-2.463911936770422
618895,LOW,0.05,-2.94894934870287
618898,LOW,0.09,-25.75391033454464
618899,LOW,0.1,6.940609054119963
619045,MEDIUM,0.63,0.2466912239610126
619074,LOW,0.01,-29.360737046042455
619086,LOW,0.06,-61.83900683649526
619094,HIGH,0.76,2.3537539728291295
619129,HIGH,0.76,6.580757649308551
619130,HIGH,0.86,23.41068728327673
619131,LOW,0.09,2.801752053188876
619139,LOW,0.02,-0.39479856585056594
619156,LOW,0.09,-0.4059794077356581
619161,LOW,0.04,-14.26361889745467
619222,HIGH,0.84,41.12356587812961
617913,HIGH,0.82,23.2386152799446
617936,LOW,0.07,-17.33575944691461
617939,LOW,0.02,0.0
617940,LOW,0.0,-0.18110377282530138
617980,LOW,0.01,-0.0016498316498316803
617983,LOW,0.04,-3.2638434746761305
617994,LOW,0.19,-5.420627332065317
617995,LOW,0.01,-1.4535424796012775
618001,LOW,0.27,-1.0921313807550186
618025,LOW,0.03,-0.354466265779552
618091,LOW,0.01,0.0
618104,LOW,0.09,-0.9011244932605763
618105,LOW,0.0,0.0
618106,LOW,0.0,-1.0721489939177034
618130,LOW,0.02,-0.2784755305326982
618140,LOW,0.0,0.0
618141,LOW,0.02,-0.12146144550433241
618182,LOW,0.0,0.0
618183,LOW,0.01,-0.052429143415618384
618186,LOW,0.03,-0.20971657366247354
618190,LOW,0.01,-0.16201337889214912
618196,LOW,0.01,-0.4699401847058513
618197,LOW,0.01,0.9573247482924891
618746,HIGH,0.88,53.73136461716331
618765,HIGH,0.89,11.923042980311127
618811,LOW,0.14,-0.7263257375866761
618812,MEDIUM,0.69,0.22974379801423847
618813,LOW,0.08,-1.3743943150340427
618814,LOW,0.06,-0.26650884098886646
618815,LOW,0.19,-1.2282252157445661
618816,LOW,0.13,-0.7970466176210748
618817,MEDIUM,0.69,-2.5820647931282963
618944,MEDIUM,0.49,19.54621618333284
618945,HIGH,0.81,28.909701238622738
619009,LOW,0.0,0.0
619128,HIGH,0.83,45.55494551521538
619165,LOW,0.09,-76.8878097168989
619193,HIGH,0.8,26.819916102387907
619253,LOW,0.03,-0.07312203111789253
619265,LOW,0.0,0.0
618307,LOW,0.01,0.0
618350,LOW,0.01,0.18132723839097942
618367,LOW,0.0,0.0
618368,LOW,0.0,0.0
618369,LOW,0.02,0.0
618370,LOW,0.0,0.0
618385,LOW,0.07,0.2659193343349128
618411,LOW,0.17,3.4366880360188325
618417,LOW,0.01,0.0
617963,HIGH,0.74,12.690924525304647
617964,LOW,0.01,-0.40165121345021054
618009,HIGH,0.72,6.6101639955024565
618054,LOW,0.06,-2.5637428997391334
618055,LOW,0.05,0.837006622414492
618056,LOW,0.0,-3.9962419036944254
618057,LOW,0.05,-1.439164821996565
618063,MEDIUM,0.61,18.40424964384859
618066,LOW,0.03,0.47799303721412073
618067,LOW,0.01,0.0
618075,LOW,0.06,-4.218563186671999
618081,LOW,0.02,-11.313660386052893
618082,LOW,0.17,1.8795980154265106
618111,LOW,0.22,0.9404231767805417
618112,LOW,0.06,0.17723115953819746
618113,LOW,0.02,-0.3013533564557234
618114,LOW,0.03,0.0
618116,LOW,0.02,0.18836565096952906
618124,LOW,0.07,0.9905364146641399
618162,LOW,0.0,0.0
618163,LOW,0.03,-12.823912517940503
618164,HIGH,0.74,7.152768795879024
618166,LOW,0.1,0.10605116777171637
618168,MEDIUM,0.7,2.548983466167688
618169,LOW,0.09,-1.3483985264445117
618187,LOW,0.12,2.8841179865081936
618233,MEDIUM,0.44,16.403761355481166
618240,LOW,0.03,1.0051412218316944
618243,LOW,0.15,2.347398687993894
618244,LOW,0.12,1.080921469144769
618247,LOW,0.0,0.0
618248,LOW,0.0,0.0
618249,LOW,0.0,0.18836565096952906
618252,HIGH,0.79,26.695976857846905
618260,LOW,0.01,0.0
618262,LOW,0.0,0.0
618263,LOW,0.05,0.1253589310813318
618264,LOW,0.03,0.18836565096952906
618265,LOW,0.07,0.37207820298814015
618266,LOW,0.08,2.5867224376924636
618267,LOW,0.02,0.0
618499,LOW,0.05,-14.598681978585219
618500,LOW,0.27,-4.600941317914738
618529,LOW,0.24,1.6831372186026325
618536,LOW,0.09,-18.474115502645184
618537,LOW,0.02,-25.6476922334101
618538,LOW,0.04,-30.733279472570914
618539,MEDIUM,0.68,-2.1675849504697786
618540,LOW,0.08,-12.75992855417472
618554,LOW,0.07,-4.674882642141304
618566,LOW,0.27,-7.792152585498811
618567,LOW,0.01,-26.877804030226127
618568,LOW,0.01,-20.766991867375335
618669,LOW,0.07,-14.578126178959087
618690,MEDIUM,0.65,2.438050560427798
618710,LOW,0.06,-0.4240620818914392
618722,LOW,0.1,-21.872860443955474
618761,LOW,0.12,-0.9993544028794306
618768,LOW,0.06,-0.3820780738009161
618782,LOW,0.1,0.24714094072518186
618798,LOW,0.14,-6.085869790585117
618842,LOW,0.05,-0.3308120531013109
618843,LOW,0.06,-21.458972009680075
618848,LOW,0.1,-4.247217700479211
618856,MEDIUM,0.68,5.9624684292545895
618858,LOW,0.06,-2.6863326847042486
618859,LOW,0.19,-3.4257010869567877
618866,LOW,0.01,-38.79905910817085
618867,LOW,0.0,-12.204807240975722
618868,LOW,0.31,8.696436238900395
618869,HIGH,0.75,50.28712450955046
618883,LOW,0.07,-1.3857717198293122
618884,LOW,0.07,-9.021646974970738
618885,LOW,0.06,-9.198118143318338
618893,HIGH,0.71,57.096429345941814
618911,LOW,0.07,-3.1106807307364113
618923,HIGH,0.75,12.613669016697461
618924,LOW,0.04,-44.80346311005281
618925,HIGH,0.93,13.188881960732099
618927,LOW,0.07,-6.052985791785346
618929,HIGH,0.73,-2.612530963734888
618960,LOW,0.03,-21.646003949787392
618961,LOW,0.04,-25.685524888642686
618968,HIGH,0.78,3.668569629742066
618970,LOW,0.24,2.0997786761334
619162,LOW,0.09,-3.196525683470691
619168,LOW,0.29,1.7256535609009043
619194,LOW,0.04,0.24037299791964087
619308,MEDIUM,0.64,16.239357734681114
617888,LOW,0.01,0.0
617889,LOW,0.01,0.0
617890,LOW,0.0,0.0
617929,LOW,0.12,0.6028793898023862
617967,LOW,0.02,-0.1819216652356989
617968,LOW,0.29,8.429744877617397
617974,LOW,0.01,0.0
618039,LOW,0.0,-0.0001999999999999805
618040,LOW,0.0,0.0
618041,LOW,0.0,0.18836565096952906
618119,LOW,0.0,0.015615988642917395
618207,LOW,0.0,0.0
618209,LOW,0.0,0.0
618210,LOW,0.01,0.3802338352888038
618211,LOW,0.0,0.0
618212,LOW,0.0,0.0
618213,LOW,0.07,0.7453032669599008
618214,LOW,0.02,0.3875455571040573
618218,LOW,0.01,0.08701087635954505
618219,LOW,0.01,0.35293021069445785
618390,LOW,0.03,0.895553060391063
618391,LOW,0.13,1.3985899375408666
618392,LOW,0.08,-0.11276897286396725
618393,LOW,0.05,0.0
618875,LOW,0.17,-22.168555856784725
619142,HIGH,0.84,14.323852804586954
619155,LOW,0.13,-7.751226858612295
619221,LOW,0.01,-8.655256229638871
619292,LOW,0.15,-0.9265553358764653
619293,LOW,0.03,-42.919331805189856
619294,LOW,0.0,-40.408763518066955
619295,LOW,0.0,-36.651358855013
617893,LOW,0.01,-0.23902333326824762
617894,LOW,0.07,-0.1575000351006406
617931,LOW,0.02,-7.54731507025085
617960,HIGH,0.71,4.624870669812167
618227,HIGH,0.78,5.5564323762518235
618427,LOW,0.14,1.1315161662863913
618429,MEDIUM,0.67,16.179056915354224
618430,LOW,0.05,-0.12002301590272112
618431,LOW,0.08,1.3155826267556865
618572,LOW,0.06,-45.124057723513644
618574,LOW,0.04,-38.86909093796708
618808,LOW,0.07,-6.214351015438633
618823,LOW,0.09,-32.22849564179258
618824,LOW,0.14,-27.568768808542224
618825,HIGH,0.9,5.923969530435792
619004,LOW,0.01,-0.11098992750368904
619187,LOW,0.08,1.0398376178671913
709859,LOW,0.13,0.008785870640798844
701598,LOW,0.0,-52.48444294133834
617413,LOW,0.02,-54.714627296016225
701599,LOW,0.0,-52.78270692834153
701602,LOW,0.05,-45.44246179130681
701597,LOW,0.03,-48.77115785844749
704495,LOW,0.01,-47.15667451187132
108841,LOW,0.0,0.0
124199,LOW,0.01,0.0
171218,LOW,0.0,0.0
175860,LOW,0.01,0.0
210914,LOW,0.0,0.0
240484,LOW,0.01,0.0
317725,LOW,0.0,0.0
400013,LOW,0.0,-37.741771342617795
437130,LOW,0.0,0.0
462136,LOW,0.0,-0.3402089748379865
476006,LOW,0.01,0.0
547243,LOW,0.1,-2.9930109308509008
660056,LOW,0.0,-1.3349708976332173e-05
665021,LOW,0.01,0.0
701593,LOW,0.0,-33.81960100059676
706775,LOW,0.08,-45.12592472977202
709856,LOW,0.03,-1.1518352710678463
709857,LOW,0.04,-0.3665271851679304
914467,LOW,0.0,0.0
938832,LOW,0.0,0.0
946208,LOW,0.02,-0.11098992750368904
976009,LOW,0.0,0.0
222253,LOW,0.01,0.0
708687,LOW,0.01,0.0
616600,LOW,0.11,3.799756711032184
616611,LOW,0.05,-0.5605421236082928
616612,LOW,0.07,-0.17637834164942615
616615,LOW,0.27,8.237889124003196
616616,LOW,0.25,5.660994363246133
616594,LOW,0.05,-0.5114554468463705
616605,LOW,0.02,1.4237667519194388
616604,LOW,0.02,1.8956895885143608
400100,HIGH,0.95,215.37449024109299
400101,HIGH,0.97,67.75845501881818
701415,HIGH,0.95,319.82416164084947
701370,LOW,0.13,4.16975579227632
400111,HIGH,0.94,64.4548089148976
701399,LOW,0.25,2.8381193773476348
701372,HIGH,0.9,64.7678458270429
701376,HIGH,0.98,120.63436905447921
701377,HIGH,0.85,122.67351100516245
400115,HIGH,0.93,32.898729323005334
400116,HIGH,0.98,61.382911850976704
617422,LOW,0.14,0.9967391371350025
701383,HIGH,1.0,72.15824414353648
701386,HIGH,0.95,117.59889747872563
701391,HIGH,0.93,566.8509517580428
701396,HIGH,0.9,634.3271626042817
701398,HIGH,0.94,458.6971800725688
701400,HIGH,0.81,42.500353021708094
701412,HIGH,0.75,32.949311290621374
701530,LOW,0.27,2.1160915939943137
603945,HIGH,0.88,447.85609725442924
701402,HIGH,0.98,161.2314631398724
701404,HIGH,0.98,149.39999873540714
701410,HIGH,0.99,78.11304223263309
701411,HIGH,0.96,21.03147989144204
400102,HIGH,0.85,45.59972337985787
400103,HIGH,0.98,346.3398210179585
701405,HIGH,0.84,53.3320332610064
701408,HIGH,0.96,361.3855628666024
613787,LOW,0.08,-0.15657926978681702
